teacher_id,fac_id,teacher_name
1,0003,Enriqueta Kidner
2,0006,Brittney Schenkel
3,0001,Binny Tilne
4,0007,Willette Penley
5,0002,Kasey Stenhouse
6,0006,Lucilia Hatz
7,0003,Janos Agglione
8,0007,Cassie Housegoe
9,0005,Blinnie Oggers
10,0002,Erik Pauncefort
11,0003,Valencia Povall
12,0003,Giralda Leser
13,0007,Alaric Mumby
14,0008,Nara Cardinale
15,0008,Kahaleel Rainville
16,0002,Rufus Ruben
17,0005,Elie Vatini
18,0001,Lisetta Hammant
19,0008,Kenon Imort
20,0006,Hodge Landsberg
21,0008,Maryjane Haselgrove
22,0001,My Jarman
23,0007,Jerrilee Pedreschi
24,0005,Clio Pezey
25,0005,Marsha Elies
26,0003,Dionne Laidlow
27,0007,Lincoln Prandi
28,0003,Myrah Berkley
29,0004,Derk Glenwright
30,0003,Pooh Lidster
31,0006,Lion Blay
32,0002,Arleta Bradley
33,0001,Merci Emmer
34,0004,Salome Fraczek
35,0007,Jenifer Gozzett
36,0002,Celinda Olivie
37,0006,Virgie Schulke
38,0008,Berry Ansty
39,0008,Rawley Gilhouley
40,0003,Ric McClure
41,0001,Pat Flaonier
42,0005,Rasia Pippard
43,0008,Janella Brazer
44,0003,Murdoch Dybbe
45,0007,Nahum Fayre
46,0005,Mariam Houchin
47,0008,Orran Coughlin
48,0003,Stefania Girk
49,0003,Alvina Erwin
50,0006,Meg Ewence
51,0003,Kyle Lindenbluth
52,0002,Letisha Hinstridge
53,0003,Robert Zorzin
54,0007,Sharla Cooley
55,0002,Randall Unitt
56,0005,Catriona Petru
57,0001,Ardisj Billanie
58,0007,Ag Toopin
59,0006,Lyell Womersley
60,0002,George O'Spellissey
61,0004,Tanitansy Davidowsky
62,0002,Aldon Baggott
63,0006,Aurel Glamart
64,0008,Sebastien Kerswill
65,0001,Lynsey Verner
66,0004,Percy Spooner
67,0005,Roda Healings
68,0006,Harcourt Sandall
69,0003,Virgie Vatcher
70,0006,Chrisse Defont
71,0006,Sonny Cracknall
72,0007,Victoir Gartland
73,0006,Rodolph Wickett
74,0007,Emanuele Lehrer
75,0002,Tuesday Spaule
76,0005,Talbert Walaron
77,0004,Obadiah Wildber
78,0007,Lanny Ollerearnshaw
79,0004,Shaina Clawson
80,0003,Louella Brayshay
81,0008,Brina Gutridge
82,0007,Danice Giamelli
83,0003,Dayle Middlemiss
84,0001,Goldy McEnteggart
85,0002,Laurent Highton
86,0005,Earle Repper
87,0005,Lucila Ghilardini
88,0006,Mallory Gosalvez
89,0001,Benetta Athridge
90,0002,Willy Abbatucci
91,0002,Amalie Kemmer
92,0008,Del Clausius
93,0006,Emlyn Tattershall
94,0006,Katleen Pittaway
95,0003,Trenton Di Frisco
96,0008,Kirstin Budnik
97,0007,Colas Scedall
98,0002,Kellina Kincey
99,0002,Kirstin Allder
100,0005,Velvet Danielou
101,0005,Ursala Emney
102,0006,Nikolas Narracott
103,0008,Oliver Dorkins
104,0004,Hayley Buzza
105,0001,Georgianna Smith
106,0006,Prinz Philippeaux
107,0003,Waverly Di Ruggero
108,0007,Cristi Bwye
109,0008,Leighton Titterington
110,0001,Carrissa Derisley
111,0002,Jameson Bodill
112,0005,Che Jerdan
113,0007,Herminia Filer
114,0003,Kipper Fergie
115,0005,Nydia Porter
116,0002,Augusto Joules
117,0003,Jodi Garrett
118,0008,Tedman Ivannikov
119,0005,Malissa Buff
120,0003,Hanni Hein
121,0003,Kimberley Annesley
122,0006,Erich Hackinge
123,0001,Edgard Aberdein
124,0005,Jacob McGrill
125,0004,Starlene Karadzas
126,0006,Lynnet Revie
127,0001,Karita MacIlriach
128,0002,Yasmeen Hainey`
129,0008,Kylen Vaz
130,0006,Lynda Willey
131,0001,Fitz Humbie
132,0001,Mayne Summerill
133,0001,Remy Lavallin
134,0007,Ariel Trewett
135,0005,Dinny Egalton
136,0006,Nickola Ballach
137,0006,Cosette Easseby
138,0008,Euphemia Beat
139,0006,Julina Basnett
140,0006,My Antonescu
141,0002,Avie Elloit
142,0001,Shea Gould
143,0003,Tobey Dowtry
144,0004,Darcey Margerison
145,0007,Ilsa Kuschek
146,0004,Terra Screen
147,0006,Christabel Flament
148,0003,Cassi Dew
149,0002,Holmes Llorens
150,0001,Aldrich Littlewood
151,0006,Roddie Anfossi
152,0008,Holden Voules
153,0006,Chadwick Hoyle
154,0007,Kilian Cellier
155,0008,Judith Mimmack
156,0007,Lilias Banane
157,0004,Nat Alenov
158,0002,Mattheus Clinning
159,0001,Reinaldos Chstney
160,0008,Melicent Henrichs
161,0007,Abigail Lamminam
162,0008,Jenna Roggieri
163,0008,Cheri Parcell
164,0008,Frederique Danielot
165,0004,Stearn Huckerby
166,0001,Andrea Eveque
167,0007,Fina Richie
168,0006,Cairistiona Ancliff
169,0004,Joellyn Biagioni
170,0005,Darnall Wauchope
171,0007,Vida Gerger
172,0003,Melesa Hamlington
173,0007,Gabi Riddiough
174,0005,Rudie Marriott
175,0002,Edan McIlreavy
176,0001,Kira Noad
177,0001,Freddi Aish
178,0003,Neil Perring
179,0002,Riannon Annakin
180,0007,Robinet Stormont
181,0008,Fayth Simons
182,0006,Selig Walcar
183,0008,Lethia Samart
184,0001,Melisse Toffalo
185,0008,Torey Nesbeth
186,0007,Valaria Corssen
187,0008,Marji Busen
188,0008,Delia Drillingcourt
189,0002,Sandro Fawcett
190,0005,Charla Grishmanov
191,0004,Kikelia Jacobsen
192,0001,Dalis Lewsy
193,0007,Ellis Gieraths
194,0002,Nariko Bompas
195,0003,Elnora Bettesworth
196,0003,Rivalee Instrell
197,0006,Gustave Bawle
198,0008,Cecilla Dureden
199,0006,Morrie Grutchfield
200,0008,Caitlin Carabine
201,0001,Antonio Keen
202,0005,Sibylle Bindon
203,0008,Meredithe Strute
204,0006,Marcos Milksop
205,0008,Chrysa Chessel
206,0003,Jemmy Boorer
207,0006,Trixi Jowsey
208,0007,Amby Leere
209,0002,Willi Sutcliff
210,0001,Althea Junkison
211,0007,Joanne Antcliffe
212,0002,Bartolemo Will
213,0006,Benita Jelphs
214,0007,Bobinette Frediani
215,0006,Revkah Vasilyevski
216,0002,Oby Precious
217,0006,Wandie Fenna
218,0002,Saundra Fidian
219,0003,Guinna Mitskevich
220,0001,Rasla Van der Spohr
221,0005,Rabi Vinnicombe
222,0002,Abbey Gibb
223,0001,Beltran McBrady
224,0005,Dugald Kensitt
225,0004,Ritchie Pountney
226,0005,Stephine O'Loughlin
227,0003,Roth Blakeden
228,0002,Barron Jackes
229,0008,Levey McKeand
230,0007,Wandie Charley
231,0005,Zacharie Skillett
232,0008,Arte Wiffler
233,0004,Tomas Balme
234,0008,Anallese Shemilt
235,0001,Biddy Kemmish
236,0001,Jeniffer Punt
237,0001,Caryl Vinas
238,0001,Talya Jelk
239,0007,Arleta McLeary
240,0007,Peter Dzenisenka
241,0005,Marchall Worlidge
242,0004,Madelon Dalglish
243,0002,Jasmin Marrington
244,0006,Reinald Jeanon
245,0008,Syd Minifie
246,0003,Olenka Hugnot
247,0002,Sergent Stickins
248,0004,Bessy Dafter
249,0004,Pancho Snalham
250,0007,Andree Slite
251,0007,Brnaba Batcock
252,0002,Edita Pyett
253,0004,Izzy Ludgrove
254,0002,Allard Teape
255,0003,Brianna Yanov
256,0004,Shane Buessen
257,0003,Annabelle Parcell
258,0007,Jillian Kettlestringes
259,0005,Jessika Petrelli
260,0005,Natalee Eede
261,0005,Abeu Caslin
262,0006,Filberte Liles
263,0003,Crista Pow
264,0002,Felicia Pentlow
265,0002,Gustavus Gratrix
266,0001,Elihu De Metz
267,0006,Kenny Denley
268,0006,Melloney Stallon
269,0005,Mira Chittim
270,0004,Maggee Headech
271,0003,Gabe Horbart
272,0008,Teriann McKean
273,0007,Ferdy Rillatt
274,0006,Karolina Etheredge
275,0003,Gunther Noorwood
276,0007,Charyl Bernhard
277,0008,Dannie Haeslier
278,0004,Jolie Axford
279,0008,Werner Hagley
280,0003,Harlene Verney
281,0003,Merrile Mogey
282,0007,Joell Baiss
283,0006,Cherianne Alvey
284,0007,Clea Bridson
285,0007,Pris Attle
286,0007,Sky Rau
287,0002,Willie McVanamy
288,0002,Mozes Didsbury
289,0004,Bonnibelle Wandrach
290,0005,Donnajean Herries
291,0005,Petronella Skaife
292,0001,Ivor Sollime
293,0007,Carmita Cheasman
294,0006,Cissiee Yellowlee
295,0007,Hermy Langrish
296,0001,Bailey Winpenny
297,0003,Feodora Hoff
298,0004,Alexis Nuth
299,0006,Rea Wedge
300,0002,Antons Bengough
301,0004,Ashley Marjot
302,0004,Paige Tilt
303,0006,Eal Oglethorpe
304,0003,Roxie Thonger
305,0002,Yankee Ruggles
306,0004,Leora Frend
307,0004,Brendis Dudgeon
308,0004,Kordula Parslow
309,0007,Estrellita Wallege
310,0002,Ludovika Rickell
311,0001,Aubrette Middleditch
312,0002,Judd Flute
313,0006,Lilias Eustanch
314,0008,Ronnie Blagburn
315,0001,Rance Lagden
316,0003,Tore Stares
317,0003,Gav Dalbey
318,0007,Cally Garrettson
319,0003,Danyette Confait
320,0008,Elysee Blasli
321,0001,Adolpho Kinnach
322,0006,Kippy Marl
323,0001,Irwin Stearn
324,0003,Onofredo Relton
325,0006,Bari Cazalet
326,0002,Orelle Edwardson
327,0008,Edsel Espinos
328,0002,Vince Droghan
329,0001,Kirbie Cardwell
330,0007,Elladine Crunkhorn
331,0007,Mia Mathes
332,0007,Forbes Brydone
333,0004,Rolfe Marchant
334,0003,Clarette Tuck
335,0004,Tobias Tomaini
336,0002,Orella Hatherley
337,0008,Marlin Gibbonson
338,0003,Tymothy Doyley
339,0006,Keeley Hearson
340,0002,Vyky Whiteoak
341,0004,Ruddy Raubenheim
342,0008,Teri Scamaden
343,0001,Lewes Ratcliff
344,0006,Bradley Matussov
345,0003,Belvia Longstreet
346,0007,Aeriell Loeber
347,0006,Eleanore MacAne
348,0007,Farand Duddle
349,0002,Liva Aspinell
350,0008,Carroll Yakunin
351,0008,Jobyna Rolling
352,0007,Renard Soan
353,0002,Gregor Buttel
354,0003,Ina Went
355,0006,Bathsheba Blakiston
356,0008,Kendal Winslade
357,0002,Babbie Pheazey
358,0008,Justine Tredwell
359,0008,Sibyl Myrie
360,0002,Josias Ivimy
361,0006,Alfreda Tart
362,0004,Grantley McGowran
363,0005,Jemimah Paolino
364,0002,Margaux Yockley
365,0006,Baron Castletine
366,0005,Fifine Sleigh
367,0004,Yuma Arent
368,0008,Fifine Woffenden
369,0004,Evangelina Dasent
370,0005,Bess Severwright
371,0008,Karita Papes
372,0003,Flinn Crimes
373,0002,Susannah Crosoer
374,0003,Dwain Cavy
375,0001,Maxi Hewins
376,0007,Michal Sybbe
377,0002,Nichol Breawood
378,0001,Veronika Wayne
379,0001,Bernette Flacknell
380,0006,Aubrie Chetham
381,0001,Kimberly Butfield
382,0003,Alley Hadley
383,0006,Christin Maulin
384,0006,Frankie Cliff
385,0006,Urbano Gabbidon
386,0002,Andromache Popescu
387,0001,Fiona Hornbuckle
388,0002,Aurlie Noyce
389,0005,Chick Clare
390,0001,Creighton De la croix
391,0005,Cyrill Folli
392,0005,Arline Coey
393,0003,Smitty Theobold
394,0007,Davidson Ilchuk
395,0006,Bernardina Sobey
396,0004,Chris Yepiskov
397,0003,Glynis McAvinchey
398,0002,Andria Blasio
399,0001,Tiffanie Bolstridge
400,0006,Jeddy Morecombe
401,0001,Bendick Momery
402,0007,Leland MacGovern
403,0004,Ker Larmuth
404,0004,Alanna Simonot
405,0003,Sydney Hutcheons
406,0004,Giffy McGrane
407,0005,Andres Skein
408,0006,Leupold Olliar
409,0007,Bernie Eastabrook
410,0007,Carri Colleer
411,0008,Randy Roland
412,0003,Pooh Glassman
413,0001,Renate Jansson
414,0005,Nickolai Staining
415,0005,Dusty Boath
416,0008,Llewellyn Ausher
417,0003,Karla Shearstone
418,0007,Lonny Davey
419,0004,Lanie Sobieski
420,0007,Buddy Mordanti
421,0006,Lorita Kernar
422,0003,Kerry Govern
423,0004,Stavros Broadwell
424,0007,Kerrill Keenlayside
425,0008,Brandea Dowbiggin
426,0002,Chadd Jouannin
427,0001,Brett Hansod
428,0007,Cayla Gelardi
429,0002,Fredra Bowcher
430,0001,Waly Izachik
431,0006,Valentine Capelen
432,0008,Amos Peyntue
433,0007,Gillian MacCulloch
434,0003,Scot Portwain
435,0002,Dianne Gergus
436,0003,Julie Fitzroy
437,0002,Wilburt Westell
438,0006,Concettina Marquand
439,0005,Berthe Pine
440,0008,Gloriane MacCarter
441,0001,Cynthea Conachy
442,0001,Cecil MacKegg
443,0008,Donovan Barr
444,0005,Gray Westmoreland
445,0003,Bevon Swinerd
446,0002,Garwin Balentyne
447,0006,Mendie Ballantyne
448,0002,Rudolph Girdler
449,0004,Jeffy Willetts
450,0008,Rona Parrin
451,0004,Lyssa Cerman
452,0004,Ricard Nickols
453,0001,Opaline Benallack
454,0007,Rory Imloch
455,0006,Quinta Oselton
456,0003,Stacey Considine
457,0006,Wynny Le Fevre
458,0001,Bobbie Borzoni
459,0001,Talyah Lanney
460,0003,Constantino Cluatt
461,0002,Trudi Lentsch
462,0006,Isahella Caville
463,0006,Vivienne Sayre
464,0007,Neddie Hamments
465,0008,Nicola Woodrow
466,0006,Cathy Caldero
467,0004,Annabelle Baxter
468,0006,Ingrid Macvey
469,0006,Jessy Conner
470,0008,Theressa Belf
471,0002,Orv Wones
472,0003,Elysha Coney
473,0004,Sunshine Wrigglesworth
474,0003,Floris Walters
475,0005,Janey Dent
476,0002,Archaimbaud Surphliss
477,0005,Jimmie Whitear
478,0006,Hamil Balharry
479,0007,Gayle Beales
480,0002,Dame Eassom
481,0004,Desiree Cooney
482,0006,Brand Mackieson
483,0001,Tannie Ewenson
484,0005,Jody Hollow
485,0005,Flss Slowey
486,0002,Bogey Lapworth
487,0001,Christian Crease
488,0003,Jennie Drake
489,0007,Yves Windus
490,0002,Blondell Thomazin
491,0008,Siusan Sline
492,0006,Brenden Darragh
493,0002,Barbara Skillern
494,0005,Lenard Kempton
495,0008,Emmet Adiscot
496,0008,Avrom Mallock
497,0003,Gerta Thorald
498,0004,Nanine Lord
499,0007,Leora Grinyov
500,0001,Killy Mahedy
501,0008,Salomone Abraham
502,0006,Tadeas Knibbs
503,0005,Mord Beincken
504,0008,Kari Mahy
505,0005,Estrella Yon
506,0007,Reube Bennison
507,0004,Ashbey Gaymar
508,0003,Bibby Gomby
509,0007,Parrnell Grundell
510,0004,Lory Coverly
511,0004,Lawrence Yakolev
512,0008,Gianni Jennemann
513,0005,Jamill Beggi
514,0006,Ninette Fawlks
515,0003,Vitoria Castillou
516,0004,Alys Anyon
517,0008,Dalt Riccardo
518,0005,Randa Widdicombe
519,0003,Coretta MacGeffen
520,0008,Nickie Palay
521,0006,Gearalt Elnaugh
522,0001,Beverlie Wheldon
523,0002,Kermie Petheridge
524,0002,Eloisa Stegel
525,0006,Truman Ewdale
526,0006,Ivory Tsar
527,0001,Tiffani Lagadu
528,0005,Margo Penswick
529,0005,Cross Cocks
530,0003,Dorena Vasyukhin
531,0005,Lawton O'Currigan
532,0006,Filia Mayoral
533,0008,Trefor O'Fairy
534,0004,Maximilien Dallemore
535,0006,Nomi Van den Bosch
536,0006,Bea Emett
537,0005,Welsh Maudsley
538,0001,Ogden Wilsdon
539,0008,Hymie Marshal
540,0005,Ashlee Musk
541,0003,Louis Antoniutti
542,0002,Dolley Hibbart
543,0006,Moore Repper
544,0004,Ruben Prophet
545,0002,Midge McIlmorie
546,0007,Jeanne Sammonds
547,0007,Dallis Rablin
548,0003,Loren Mitcheson
549,0006,Duffie Chetter
550,0002,Byran Stell
551,0007,Darby Brettor
552,0005,Dagmar Annakin
553,0001,Rudiger Dunkley
554,0006,Garwood Garfoot
555,0003,Annadiane Dumelow
556,0004,Noelani Fairtlough
557,0002,Horatia Craighead
558,0008,Van Klimczak
559,0003,Catlin Lie
560,0005,Orelia Mahy
561,0004,Rhody Luna
562,0007,Magdalena Duffus
563,0004,Melany Tissier
564,0005,Armando Pennock
565,0007,Luigi Picot
566,0003,Kirbee Del Checolo
567,0003,Brynna L' Anglois
568,0001,Archibold Bauduin
569,0001,Federico Barok
570,0004,Clare Vasnev
571,0007,Lem Mithun
572,0005,Zandra Elsmere
573,0001,Spence Fearne
574,0002,Dorothee Greenacre
575,0004,Aliza Hathorn
576,0001,Kaitlin Methven
577,0004,Augustine Coatsworth
578,0007,Tybalt Colleran
579,0008,Nedi Broxup
580,0007,Adelheid Baldoni
581,0002,Patsy Morden
582,0004,Bondie Hazell
583,0003,Roselin Kadar
584,0001,Trina Glander
585,0006,Estell Husset
586,0005,Maitilde Egdell
587,0005,Alidia Harpur
588,0004,Killian Le Blanc
589,0006,Ceciley Borrill
590,0001,Harland Runham
591,0006,Goldarina Molan
592,0002,Erek Swales
593,0004,Bobbie Lucks
594,0008,Magdalena Atkin
595,0006,Herta Kelston
596,0005,Adham Sent
597,0008,Erina Gariff
598,0005,Lucina Hurran
599,0001,Bartholomew Bordessa
600,0004,Tara Richter
601,0001,Sanson Vannuccinii
602,0001,Ernest Ryle
603,0004,Andie Aisthorpe
604,0002,Rory Heggs
605,0006,Vernor Kidgell
606,0003,Hercule Braun
607,0005,Anders Bloys
608,0003,Marjie Handrahan
609,0003,Wynn Weekland
610,0001,Sheffield Brunini
611,0001,Olivier Gusney
612,0003,Grata Arnson
613,0006,Barrie Wisdish
614,0008,Artemus Furley
615,0005,Hieronymus Sapp
616,0002,Retha Hanby
617,0005,Shauna Bearn
618,0003,Vivie Stithe
619,0008,Sheba Jillett
620,0001,Jaynell Topper
621,0005,Leilah Wallach
622,0003,Britte Labone
623,0007,Alexis Whetnall
624,0008,Suzie Cameli
625,0007,Skippy Dillistone
626,0005,Ettore Logsdale
627,0008,Aurelia Pasfield
628,0002,Dulcine Linnane
629,0005,Somerset Fussey
630,0008,Lefty Zebedee
631,0004,Eustacia Pickover
632,0008,Alix Kendrick
633,0005,Zachary Hagergham
634,0005,Hailee Leggis
635,0006,Gertrude Whittek
636,0008,Domenico Cordy
637,0001,Austin Whitnell
638,0007,Valera Di Matteo
639,0004,Cyrill McWhin
640,0006,Sula Kave
641,0004,Elbertina O'Nowlan
642,0001,Irwin O'Fallone
643,0006,Lory Heinle
644,0008,Savina Crebott
645,0003,Humberto Lossman
646,0004,Joelly Westmarland
647,0002,Dacie Oldroyde
648,0003,Kelsey Dubery
649,0006,Bea Cosley
650,0003,Greer Gooch
651,0008,Bertrando Schuster
652,0002,Rebecca Plaister
653,0003,Fredelia Diggar
654,0003,Lark Duiguid
655,0002,Biron Philippart
656,0008,Monika Huke
657,0001,Erma Pleasance
658,0008,Molli Readhead
659,0002,Cristal Werndly
660,0008,Corbett Mattsson
661,0007,Jacquenetta Marlon
662,0003,Mace Fotitt
663,0001,Brooke Bayless
664,0004,Sena Allenson
665,0004,Harriette Arkley
666,0004,Jude Corneil
667,0003,Brita Wildish
668,0003,Renate Hackett
669,0008,Lexy Baird
670,0002,Loralyn Ibbeson
671,0006,Parry Mayers
672,0001,Elspeth Rainbird
673,0001,Terra Josham
674,0007,Cati Stonhard
675,0003,Ingram Stidson
676,0005,Shelden Athy
677,0005,Cybil Shawl
678,0007,Wini Drinkel
679,0003,Hunfredo Yes
680,0004,Chris Youthed
681,0006,Wain McNulty
682,0005,Erik Dorrins
683,0005,Prisca Tumber
684,0007,Benedikta Tangye
685,0007,Nannette Hammonds
686,0007,Elsworth Pawel
687,0001,Nilson MacSweeney
688,0005,Amos Jzak
689,0008,Agnese Pittway
690,0003,Rutherford Kretschmer
691,0008,Ive Hultberg
692,0007,Netti Blakemore
693,0006,Lorena Biasio
694,0003,Jessamyn Fabri
695,0006,Mel Silliman
696,0003,Thekla Ferrie
697,0006,Archibaldo Benedicto
698,0004,Omero Avent
699,0006,Hagan Willingale
700,0006,Karie Filpi
701,0004,Moshe Pilbury
702,0007,Ann Jakubowsky
703,0006,Kristine Grisdale
704,0006,Stevie Goff
705,0001,Corrianne Mugford
706,0003,Dael Hitzke
707,0004,Porter Chinn
708,0005,Glynn Scapelhorn
709,0006,Layla Deavall
710,0005,Ianthe Fairpool
711,0002,Adrea Sandlin
712,0008,Clarisse Livermore
713,0001,Geordie Cavill
714,0007,Silva Threader
715,0008,Vilma Crosskill
716,0005,Zelma Oda
717,0008,Davey Scoyles
718,0007,Albie Bosche
719,0007,Booth Ruston
720,0004,Madge Lill
721,0005,Liv Grigolli
722,0003,Vittorio Kapiloff
723,0007,Bert Redihough
724,0003,Dorie Fiddian
725,0003,Emmanuel Kordas
726,0008,Marcel Lapworth
727,0003,Monika Keedwell
728,0002,Bunni Sainsbury-Brown
729,0002,Vinnie Sponer
730,0001,Munroe Learoid
731,0007,Kathi Lorey
732,0007,Annnora Frisel
733,0004,Urbain Dorward
734,0008,Loni Glanister
735,0007,Wilden Amoss
736,0004,Elladine Vasentsov
737,0006,Kahaleel Bennetto
738,0001,Josephine Lathleiffure
739,0006,Carri Pichmann
740,0007,Mellisent Vevers
741,0003,Sioux Bavister
742,0006,Sisely Dundridge
743,0005,Aguistin Clemendot
744,0001,Camel Farrell
745,0005,Rob O'Lunney
746,0003,Talyah Lawton
747,0004,Silvio Turfin
748,0001,Zaria Simmance
749,0003,Sande Dodamead
750,0002,Loralee Hanshawe
751,0001,Vyky McKeighan
752,0003,Alford Pettecrew
753,0004,Katrina Meynell
754,0004,Valli Mayman
755,0004,Kienan Rupel
756,0007,Nicolais Bollans
757,0007,Krystal Dudding
758,0006,Joshia Gregoretti
759,0002,Nero Edmondson
760,0004,Dall O'Dwyer
761,0004,Nesta Dainton
762,0004,Vikky Stirrup
763,0007,Imogene Hynson
764,0007,Morena Kopec
765,0005,Theodosia Stacy
766,0008,Wolfgang Culligan
767,0003,Sebastiano Bentame
768,0002,Julius Allsupp
769,0002,Inna Apperley
770,0004,Borden Caller
771,0006,Keefer Metrick
772,0001,Brnaby Rewcassell
773,0008,Seward McKeating
774,0006,Dulcine Tiddy
775,0007,Pascal Ferrierio
776,0008,Pyotr Derl
777,0002,Rab Reed
778,0001,Stormi McCuthais
779,0005,Gunther Decent
780,0003,Dehlia O'Carmody
781,0002,Vivien Ferreli
782,0005,Olivette Yackiminie
783,0004,Hedwig Klesl
784,0007,Marje Peacocke
785,0002,Brooke Honig
786,0008,Daria Simmell
787,0008,Yolanthe Bennit
788,0005,Ike Schofield
789,0005,Moll Geistbeck
790,0006,Noemi Shuker
791,0006,Rahel Abels
792,0007,Mignonne Puttock
793,0008,Deana Eardley
794,0003,Jaquelyn Hanby
795,0006,Lari Halvosen
796,0006,Tim Eastbury
797,0003,Sutherlan Davley
798,0004,Cassondra Peers
799,0004,Amata Turtle
800,0004,Trumaine Cope
801,0006,Sunshine Turfin
802,0001,Burke Wozencraft
803,0004,Gabi Goreisr
804,0003,Theodosia McPherson
805,0004,Christal Fannon
806,0006,Stafford Dwight
807,0005,Kelbee Charman
808,0004,Caz Harkus
809,0004,Cristal Paulisch
810,0002,Kassey Turri
811,0005,Valli Guille
812,0008,Bronnie Cleverley
813,0001,Xymenes Abramovitch
814,0005,Nanon Renfree
815,0008,Smitty Milbourne
816,0004,Alva Garbett
817,0002,Faydra Gleave
818,0005,Michel Hrihorovich
819,0006,Chiarra Imort
820,0003,Ileane Auguste
821,0001,Constantia Gowling
822,0002,Dania Stithe
823,0001,Anallise Mosey
824,0005,Damien Lethcoe
825,0007,Alard Kelbie
826,0005,Elonore Ashley
827,0007,Erick Boughtwood
828,0007,Betti Leyburn
829,0003,Kimberli Umbers
830,0008,Ruddie Bowbrick
831,0007,Townsend Oene
832,0004,Bo Grushin
833,0003,Justus Pritchett
834,0006,Cher Perkin
835,0003,Cesare MacVay
836,0002,Shandy Symington
837,0006,Mickie Suddaby
838,0003,Niki Lerwill
839,0004,Al Cawsey
840,0001,Emmy Trammel
841,0008,Leola Dallinder
842,0006,Anica Dradey
843,0008,Garret Broschke
844,0006,Melisa Hyams
845,0006,Beatrice Levens
846,0006,Bob Matthews
847,0002,Barth Rockingham
848,0003,Carol-jean Divina
849,0008,Hildy Salvidge
850,0007,Izak Apple
851,0004,Thayne Goodenough
852,0007,Alonso Afield
853,0008,Wynn Goncaves
854,0002,Cassaundra Armin
855,0001,Ginelle Becerro
856,0006,Colene Piperley
857,0007,Gavrielle Bulcroft
858,0003,Cary Rayner
859,0005,Ingunna Claris
860,0006,Nanny Melling
861,0002,Jodie Bottby
862,0004,Dunn Aubri
863,0001,Seline Dunwoody
864,0001,Hynda Holt
865,0001,Joy Forge
866,0007,Florance Barti
867,0006,Mill Litzmann
868,0005,Obed Suttie
869,0005,Lewes Grishakin
870,0006,Gerhardt Lubomirski
871,0005,Abey Bragger
872,0008,Tris Denne
873,0006,Edi Tanman
874,0008,Giuditta Goly
875,0007,Maynord Heatly
876,0008,Sherri Thursfield
877,0006,Darby Atmore
878,0008,Wayne Takos
879,0004,Ilka Attryde
880,0001,Andreas Kubelka
881,0003,Aile Hanning
882,0008,Vern Tritten
883,0007,Tyne Porte
884,0006,Aharon Wallace
885,0001,Jude Burkin
886,0007,Cosmo Dearle-Palser
887,0008,Dodi Sterrick
888,0005,Leah Lytton
889,0003,Kelbee Abramovicz
890,0001,Sax Gethins
891,0004,Tris Swetenham
892,0003,Craggie Oakenford
893,0002,Angelle Laycock
894,0005,Celestina Hunnable
895,0007,Van Benedicto
896,0007,Huntlee Colebourn
897,0003,Nance Thorouggood
898,0008,Emmit Baldassi
899,0007,Gherardo Dalloway
900,0001,Valery Webbe
901,0002,Frazier Norrington
902,0008,Almire Wealleans
903,0002,Von Beaze
904,0006,Ailis Wright
905,0001,Lorain Thams
906,0002,Sydney Monckman
907,0007,Sonya Bilverstone
908,0004,Wally Mackerness
909,0008,Rochette Scurrer
910,0006,Jerald Stearn
911,0004,Osborn Cafferky
912,0006,Roana Mithun
913,0002,Ronica Racher
914,0003,Georgine Worg
915,0007,Fiann Horley
916,0004,Aubrey Divisek
917,0004,Ruth Brenneke
918,0005,Vale Herion
919,0006,Aldus Houtbie
920,0004,Sandy Dittson
921,0008,Hetti Cranmer
922,0008,Merry Gueinn
923,0003,Darsie Darrach
924,0008,Vincents Berthel
925,0006,Felecia Wadmore
926,0001,Ashton Borrell
927,0002,Oriana Nunns
928,0001,Meggie McShane
929,0007,Abramo Drinkale
930,0004,Betty Kuhle
931,0008,Orbadiah Chapman
932,0002,Lainey Eastway
933,0005,Bing Bewsy
934,0001,Meaghan Bottoms
935,0005,Hildy Purdom
936,0004,Nelson Thiese
937,0008,Webster Rosenbaum
938,0003,Karlee Halsted
939,0005,Glyn Borsi
940,0001,Fletcher Lishman
941,0004,Alejoa Whild
942,0003,Jobey Cribbins
943,0002,Almeria Rainey
944,0004,Jess Lawrie
945,0006,Raffaello Gottelier
946,0004,Hurley Digger
947,0002,Pren Feehan
948,0001,Terri-jo Blandamere
949,0002,Damita Sagg
950,0008,Barnabe Eggle
951,0007,Tony Kondratovich
952,0004,Web Bick
953,0008,My Fader
954,0004,Lavinie Courcey
955,0006,Prisca Tutill
956,0004,Flin Linacre
957,0006,Xylia Caudell
958,0007,Abbe Bisp
959,0007,Jessee Lorraway
960,0008,Gayelord Prest
961,0007,Dominique Donati
962,0002,Jody Luisetti
963,0003,Shir Featherby
964,0005,Myrna Arrundale
965,0006,Nara O'Cleary
966,0003,Yolanda Foden
967,0004,Elfrida Gadesby
968,0008,Auberta Yockney
969,0006,Antony Yancey
970,0005,Gus Sonier
971,0003,Lilly Chatenier
972,0001,Cilka Burniston
973,0004,Beitris Hardan
974,0007,Mead MacGlory
975,0003,Aaren Harriman
976,0007,Van Yandell
977,0007,Dennie Dinsdale
978,0005,Carita Leese
979,0004,Murdock Klimentyev
980,0007,Pasquale Dauby
981,0004,Cole Dennitts
982,0005,Patience Budd
983,0001,Germaine Calderon
984,0002,Helaine Lorentzen
985,0003,Jacki Tregenna
986,0001,Burl Bottrill
987,0002,Jamima Iglesias
988,0005,Gabbey Fackney
989,0005,Shina Caulcutt
990,0002,Jillian Manifold
991,0002,Atlanta Dowthwaite
992,0001,Warner Grovier
993,0007,Leese Stonuary
994,0003,Tiffany Worner
995,0005,Blinny Manser
996,0002,Minette MacPadene
997,0006,Elisha Clapshaw
998,0005,Pepe Dickson
999,0004,Burtie Lionel
1000,0004,Katine Dmitr
